SW_MEMBER,BRMA name,2013-14 room weekly rate ,2013-14 1 bed weekly rate ,2013-14 2 bed weekly rate ,2013-14 3 bed weekly rate ,2013-14 4 bed weekly rate ,2014-15 room weekly rate ,2014-15 1 bed weekly rate ,2014-15 2 bed weekly rate ,2014-15 3 bed weekly rate ,2014-15 4 bed weekly rate ,2015-16 3 bed weekly rate ,2015-16 2 bed weekly rate ,2015-16 1 bed weekly rate ,2015-16 room weekly rate ,2015-16 4 bed weekly rate ,2016-17 room weekly rate ,2016-17 1 bed weekly rate ,2016-17 2 bed weekly rate ,2016-17 3 bed weekly rate ,2016-17 4 bed weekly rate,2017-18 room weekly rate ,2017-18 1 bed weekly rate ,2017-18 2 bed weekly rate ,2017-18 3 bed weekly rate ,2017-18 4 bed weekly rate,2018-19 room weekly rate ,2018-19 1 bed weekly rate ,2018-19 2 bed weekly rate ,2018-19 3 bed weekly rate ,2018-19 4 bed weekly rate,2019-20 room weekly rate ,2019-20 1 bed weekly rate ,2019-20 2 bed weekly rate ,2019-20 3 bed weekly rate ,2019-20 4 bed weekly rate,2020-21 room weekly rate ,2020-21 1 bed weekly rate ,2020-21 2 bed weekly rate ,2020-21 3 bed weekly rate ,2020-21 4 bed weekly rate,2021-22 room weekly rate ,2021-22 1 bed weekly rate ,2021-22 2 bed weekly rate ,2021-22 3 bed weekly rate ,2021-22 4 bed weekly rate
3,Ashford,63.88,116.74,138.46,165.09,219.23,66.44,117.91,139.84,161.54,221.42,168,145.43,119.09,67.1,223.63,67.1,119.09,145.43,168,223.63,67.1,119.09,145.43,168,223.63,67.1,122.66,145.43,173.04,223.63,69.11,126.34,149.79,178.23,230.34,78,143.84,168,207.12,260.05,78,143.84,168,207.12,260.05
4,Aylesbury,69.27,121.15,150,183.46,288.46,72.04,122.36,151.5,190.8,288.46,198.43,153.02,123.58,72.76,291.34,72.76,123.58,153.02,198.43,291.34,72.76,127.29,157.61,198.43,291.34,72.76,131.11,162.34,204.38,291.34,72.76,135.04,167.21,210.51,291.34,78.59,155.34,184.11,241.64,322.19,78.59,155.34,184.11,241.64,322.19
6,Barnsley,58.5,69.23,86.54,95,137.31,58.5,72,86.54,95.95,137.31,99.79,87.41,72.72,58.08,136.93,56.58,72.72,87.41,99.79,136.93,58.08,72.72,87.41,99.79,136.93,58.07,72.72,87.41,99.79,136.93,58.07,72.72,87.41,99.79,136.93,61.5,84,92.05,109.32,148.44,61.5,84,92.05,109.32,148.44
7,Barrow-in-Furness,62,75,91.15,109.62,138.46,62.62,75,92.06,109.62,137.31,110.47,92.05,78,63.25,136.93,63.25,78,92.05,110.47,136.93,65.15,78,92.05,110.47,136.93,67.1,78,92.05,110.47,136.93,67.1,78,92.05,110.47,136.93,81.35,86.54,102.41,126.58,166.85,81.35,86.54,102.41,126.58,166.85
8,Basingstoke,64.9,132.67,161.54,188.68,253.85,65.55,132.69,160.38,190.38,256.39,192.28,161.98,134.02,68.17,266.65,68.17,134.02,161.98,192.28,266.65,68.17,134.02,161.98,192.28,266.65,68.17,138.04,161.98,192.28,266.65,68.17,138.04,166.84,198.05,266.65,78.59,159.95,189.86,218.63,287.67,78.59,159.95,189.86,218.63,287.67
9,Bath,71.54,129.23,159.2,183.46,286.15,72.26,134.4,165.57,190.8,289.01,189.86,167.23,135.74,72.49,291.9,72.49,135.74,167.23,189.86,291.9,72.49,135.74,167.23,189.86,291.9,74.66,139.81,167.23,195.56,300.66,74.66,144,172.25,201.43,309.68,105.82,166.85,195.62,228.99,402.74,105.82,166.85,195.62,228.99,402.74
10,Bedford,63.5,98.08,126.92,153.3,199.04,63.46,102,128.19,154.83,207,156.38,133.32,103.02,62.18,209.07,62.18,103.02,133.32,156.38,209.07,62.18,103.02,133.32,161.07,209.07,64.05,106.11,137.32,165.9,215.34,65.97,109.29,141.44,170.88,221.8,79.57,132.33,166.85,201.37,264.66,79.57,132.33,166.85,201.37,264.66
11,Birmingham,56.21,96.92,117.92,126.92,165.09,56.77,97.89,119.1,126.92,166.74,132,120.29,98.87,57.34,173.41,57.34,98.87,120.29,132,173.41,57.34,98.87,120.29,132,173.41,57.34,98.87,123.9,132,173.41,57.34,101.84,127.62,135.96,173.41,67,120.82,143.84,155.34,195.62,67,120.82,143.84,155.34,195.62
12,Black Country,60,86.54,106.13,117.92,150,60,86.54,103.85,119.1,150,120.29,104.89,86.3,60,151.5,60,86.3,104.89,120.29,151.5,60,86.3,104.89,120.29,151.5,60,86.3,104.89,120.29,151.5,60,86.3,104.89,123.9,151.5,60.18,91.82,117.37,136.93,172.6,60.18,91.82,117.37,136.93,172.6
13,Blackwater Valley,73.89,138.46,173.08,206.54,300,76.85,139.84,174.81,208.61,300,210.7,176.56,141.24,79.92,312,79.92,141.24,176.56,210.7,312,79.92,141.24,176.56,210.7,312,79.92,141.24,176.56,210.7,312,79.92,145.48,176.56,210.7,312,86.5,161.1,201.37,253.15,333.7,86.5,161.1,201.37,253.15,333.7
15,Bolton and Bury,45,80.77,98.08,114.23,150,46.8,80.77,98.08,114.23,150,114.84,98.96,84,48.67,143.84,48.67,84,98.96,114.84,143.84,50.13,84,98.96,114.84,143.84,51.63,84,98.96,114.84,148.16,53.18,84,98.96,118.29,152.6,66.74,90.9,110.47,136.93,184.11,66.74,90.9,110.47,136.93,184.11
16,Bournemouth,67,121.15,150,186.92,253.85,64.83,122.36,151.5,186.92,252.69,188.79,153.02,123.58,65.48,253.15,65.48,123.58,153.02,188.79,253.15,65.48,123.58,153.02,188.79,253.15,65.48,123.58,153.02,188.79,253.15,65.48,123.58,157.61,194.45,253.15,76.5,137.74,174.9,218.63,287.67,76.5,137.74,174.9,218.63,287.67
17,Bradford & South Dales,57.69,80.77,98.08,109.62,121.15,58.27,80.77,98.08,110.72,122.36,111.83,97.81,80.55,58.26,123.58,58.26,80.55,97.81,111.83,123.58,58.26,80.55,97.81,111.83,123.58,58.26,80.55,97.81,111.83,123.58,60.01,80.55,97.81,111.83,123.58,68.3,80.55,103.56,120.82,141.53,68.3,80.55,103.56,120.82,141.53
20,Brighton and Hove,78.69,150,188.68,219.23,323.08,79.48,151.5,190.57,228,326.31,230.28,192.48,153.02,82.66,339.36,82.66,153.02,192.48,230.28,339.36,82.66,153.02,192.48,230.28,339.36,82.66,153.02,198.25,230.28,339.36,82.66,157.61,204.2,237.19,349.54,98.96,184.11,230.14,276.16,390.08,98.96,184.11,230.14,276.16,390.08
21,Bristol,66.04,115.38,144.23,167.31,224.05,66.7,116.53,145.67,168.98,233.01,175.74,151.5,121.19,67.37,242.33,67.37,121.19,151.5,175.74,242.33,67.37,124.83,151.5,181.01,242.33,69.39,128.57,156.05,186.44,249.6,71.47,132.43,160.73,192.03,257.09,90.1,159.95,189.86,218.63,304.93,90.1,159.95,189.86,218.63,304.93
22,Bury St Edmunds,68.5,100.24,123.82,147.4,219.23,63.5,101.24,125.06,148.87,207.69,150.36,126.31,102.25,64.14,216,64.14,102.25,126.31,150.36,216,66.06,102.25,126.31,150.36,216,68.04,105.32,130.1,154.87,222.48,68.04,105.32,134,159.52,222.48,82.85,120.82,149.59,184.11,276.16,82.85,120.82,149.59,184.11,276.16
24,Cambridge,76.65,120,137.97,160.37,207.69,79.72,124.8,139.35,166.78,216,168.45,140.74,126.05,80.52,218.16,80.52,126.05,140.74,168.45,218.16,80.52,126.05,144.96,168.45,224.7,80.52,129.83,149.31,173.5,231.44,80.52,133.72,153.79,178.71,238.38,97,178.36,195.62,218.63,299.18,97,178.36,195.62,218.63,299.18
25,Canterbury,73.15,117.92,147.4,176.89,259.43,73.88,119.1,148.87,178.66,269.81,180.45,154.82,123.86,74.62,280.6,74.62,123.86,154.82,180.45,280.6,74.62,123.86,154.82,180.45,280.6,74.62,123.86,154.82,180.45,280.6,76.29,123.86,159.46,185.86,280.6,78.59,136.93,182.96,224.38,287.67,78.59,136.93,182.96,224.38,287.67
28,Central Greater Manchester,65,97.09,114.23,126.92,187.5,64.62,98.06,115.37,128.19,184.62,133.32,119.98,101.98,67.2,186.47,67.2,101.98,119.98,133.32,186.47,67.2,101.98,119.98,133.32,186.47,67.2,101.98,119.98,133.32,186.47,67.2,105.04,123.58,137.32,186.47,75.5,138.08,149.59,166.85,218.63,75.5,138.08,149.59,166.85,218.63
29,Central Lancs,51.1,87.69,109.62,126.92,160.38,53.14,88.57,110.72,126.92,161.54,126.58,109.32,89.46,53.67,161.1,53.67,89.46,109.32,126.58,161.1,53.67,89.46,109.32,126.58,161.1,53.67,89.46,109.32,126.58,161.1,55.28,89.46,109.32,126.58,161.1,66.5,90.9,115.07,132.33,182.96,66.5,90.9,115.07,132.33,182.96
30,Central London,126.22,255.5,296.38,347.48,408.8,131.27,258.06,299.34,350.95,412.89,354.46,302.33,260.64,136.52,417.02,136.52,260.64,302.33,354.46,417.02,140.62,260.64,302.33,354.46,417.02,144.84,268.46,311.4,365.09,429.53,144.84,276.51,320.74,376.04,442.42,154.19,295.49,365.92,441.86,593.75,154.19,295.49,365.92,441.86,593.75
31,Central Norfolk & Norwich,58.5,91.15,114.23,132.69,183.46,59.09,92.06,115.37,134.02,184.62,135.36,116.52,92.98,61.45,184.11,61.45,92.98,116.52,135.36,184.11,63.29,92.98,116.52,135.36,184.11,63.29,92.98,116.52,135.36,184.11,63.29,95.77,120.02,139.42,184.11,82.85,113.92,138.08,163.4,218.63,82.85,113.92,138.08,163.4,218.63
33,Chelmsford,75.08,121.15,150,182.78,230.77,69.27,121.15,150,183.46,229.62,185.29,151.5,126,69.08,231.92,69.04,126,151.5,185.29,231.92,69.08,126,151.5,185.29,231.92,71.15,126,156.05,190.85,238.88,73.28,129.78,160.73,196.58,246.05,90.1,149.59,182.96,226.68,298.03,90.1,149.59,182.96,226.68,298.03
34,Cheltenham,66,109.62,143.87,170.99,235.85,68.64,110.72,141.92,172.7,238.21,174.43,143.34,111.83,68.35,240.59,67.08,111.83,143.34,174.43,240.59,68.35,111.83,143.34,174.43,240.59,70.4,111.83,143.34,174.43,240.59,70.4,111.83,143.34,174.43,240.59,78.59,126.58,159.95,195.62,275.01,78.59,126.58,159.95,195.62,275.01
35,Cherwell Valley,70,116.74,150,178.85,229.62,70.7,121.41,156,180.64,238.8,187.87,157.56,126.27,73.53,248.35,72.5,126.27,157.56,187.87,248.35,73.53,126.27,157.56,187.87,248.35,73.53,130.06,162.29,187.87,248.35,73.53,133.96,162.29,193.51,248.35,78.02,149.59,178.36,207.12,298.61,78.02,149.59,178.36,207.12,298.61
36,Chesterfield,48.5,80.77,98.08,112.42,150,50.44,81.58,98.08,113.54,150,113.92,97.81,80.55,50.94,149.59,50.94,80.55,97.81,113.92,149.59,50.94,80.55,97.81,113.92,149.59,52.47,80.55,97.81,113.92,149.59,52.47,80.55,97.81,113.92,149.59,55.75,89.75,103.56,126.58,166.85,55.75,89.75,103.56,126.58,166.85
37,Chichester,70.05,131.54,160.38,196.15,265.38,72.85,132.69,161.54,196.15,265.38,198.11,168,134.02,73.58,268.03,73.58,134.02,168,198.11,268.03,73.58,134.02,168,198.11,268.03,73.58,134.02,168,198.11,268.03,75.79,134.02,168,204.05,268.03,78.59,149.59,189.86,228.99,310.68,78.59,149.59,189.86,228.99,310.68
38,Chilterns,79.72,138.46,178.85,225,357.69,75.25,139.84,180.64,227.25,346.15,236.34,182.45,145.43,73.64,344.05,73.64,145.43,182.45,236.34,344.05,73.64,145.43,187.92,236.34,344.05,73.64,149.79,193.56,236.34,344.05,75.85,154.28,199.37,243.43,344.05,89.75,172.6,224.38,287.67,379.73,89.75,172.6,224.38,287.67,379.73
39,Colchester,63.5,102.59,129.71,161.54,200.47,64.14,103.62,131.01,160.38,202.47,161.1,132.32,103.56,64.78,204.49,64.78,103.56,132.32,161.1,204.49,64.78,103.56,132.32,161.1,204.49,64.78,103.56,132.32,161.1,204.49,64.78,106.67,136.29,165.93,210.62,71.34,120.82,158.79,195.62,253.15,71.34,120.82,158.79,195.62,253.15
40,Coventry,64.39,91.15,106.13,126.92,167.31,65,92.06,110.38,126.92,168.98,128.19,111.48,92.05,65.65,170.67,65.65,92.05,111.48,128.19,170.67,65.65,92.05,111.48,128.19,170.67,67.62,92.05,111.48,128.19,170.67,69.65,92.05,114.82,132.04,175.79,77.5,112.77,132.33,155.34,201.37,77.5,112.77,132.33,155.34,201.37
41,Crawley & Reigate,78.46,144.23,176.89,218.16,294.81,78.76,145.67,178.66,220.34,306.6,222.54,185.81,151.5,79.55,309.67,79.55,151.5,185.81,222.54,309.67,79.55,151.5,185.81,222.54,309.67,81.94,156.05,191.38,222.54,309.67,84.4,160.73,197.12,229.22,318.96,101.61,172.6,218.63,276.16,356.71,101.61,172.6,218.63,276.16,356.71
42,Darlington,56.72,76.15,91.15,105,150,57,75,91.15,106.05,147.69,107.11,90.9,75,59.28,149.17,59.28,75,90.9,107.11,149.17,59.28,75,90.9,107.11,149.17,61.06,75,90.9,107.11,149.17,62.89,75,90.9,107.11,149.17,66.5,76.15,92.05,113.92,151.89,66.5,76.15,92.05,113.92,151.89
43,Derby,56,83.08,103.85,115.38,160.38,58.24,83.91,103.85,116.53,155.77,117.7,103.56,84.75,58.82,155.34,58.82,84.75,103.56,117.7,149.59,58.82,84.75,103.56,117.7,155.34,58.82,84.75,103.56,117.7,155.34,58.82,84.75,103.56,117.7,155.34,62.83,90.9,115.07,136.93,182.96,62.83,90.9,115.07,136.93,182.96
44,Doncaster,53,77.31,92.31,103.85,141.51,53,77.31,92.31,103.85,142.93,103.56,93.23,78.08,55.12,143.84,55.12,78.08,93.23,103.56,143.84,55.12,78.08,93.23,103.56,143.84,55.12,78.08,93.23,103.56,143.84,55.12,78.08,93.23,103.56,143.84,61.5,86.3,101.26,111.62,150.74,61.5,86.3,101.26,111.62,150.74
45,Dover-Shepway,58.5,86.54,115.38,143.87,176.89,58.5,86.54,115.38,144.23,161.54,143.84,115.07,86.3,59.09,168,59.09,86.3,115.07,143.84,168,59.09,86.3,115.07,143.84,168,59.09,86.3,115.07,143.84,168,60.86,88.89,115.07,143.84,168,65,100.11,132.33,172.6,207.12,65,100.11,132.33,172.6,207.12
48,Durham,65,75,87.69,98.08,138.46,67.6,75,86.54,98.08,138.46,97.81,86.3,74.79,65,138.08,63.5,74.79,86.3,97.81,138.08,65,74.79,86.3,97.81,138.08,65,74.79,86.3,97.81,138.08,65,74.79,86.3,97.81,138.08,65,74.79,87.45,103.56,140.38,65,74.79,87.45,103.56,140.38
49,East Cheshire,81,103.85,129.71,165.09,230.77,74.54,103.85,131.01,161.54,240,168,130.03,103.56,70.9,249.6,70.9,103.56,130.03,168,249.6,70.9,103.56,130.03,168,249.6,70.9,103.56,130.03,168,249.6,73.03,103.56,130.03,168,249.6,82.85,113.92,138.08,189.86,299.18,82.85,113.92,138.08,189.86,299.18
51,East Lancs,53.5,78.46,90,103.85,138.46,53.5,79.24,90,103.85,137.31,104.71,90.9,80.03,53.5,142.8,53.5,80.03,90.9,103.56,142.8,53.5,80.03,90.9,104,142.8,53.5,80.03,90.9,104,142.8,53.5,80.03,90.9,104,142.8,64.25,85,97.81,115,159.95,64.25,85,97.81,115,159.95
52,East Thames Valley,74.76,150,184.62,226.41,318.39,75.51,150,192,235.47,321.57,244.89,193.92,151.5,76.27,334.43,75.51,151.5,193.92,244.89,334.43,76.27,151.5,193.92,244.89,334.43,76.27,156.05,199.74,244.89,334.43,78.56,160.73,205.73,252.24,334.43,103.56,184.11,230.14,293.42,368.22,103.56,184.11,230.14,293.42,368.22
53,Eastbourne,66,115.38,150,178.85,224.05,66.66,115.38,150,180.64,226.29,182.45,151.5,116.53,67,235.34,67,116.53,151.5,182.45,235.34,67,116.53,151.5,182.45,235.34,67,120.03,151.5,182.45,235.34,69.01,123.63,156.05,187.92,235.34,74.81,138.08,176.05,207.12,276.16,74.81,138.08,176.05,207.12,276.16
54,Eastern Staffordshire,58.5,83.08,103.85,121.15,159.2,57.73,80.77,103.85,122.36,160.79,123.58,103.56,81.58,60.04,162.4,60.04,81.58,103.56,123.58,162.4,60.04,81.58,103.56,123.58,162.4,60.04,81.58,103.56,123.58,162.4,60.04,84.03,103.56,123.58,162.4,67.08,97.81,120.82,143.84,182.96,67.08,97.81,120.82,143.84,182.96
55,Exeter,70.77,114.23,138.46,161.54,219.23,73.6,115.37,139.84,163.16,219.23,164.79,141.24,116.52,74.34,218.63,74.34,116.52,141.24,164.79,218.63,74.34,116.52,141.24,164.79,218.63,74.34,116.52,141.24,164.79,218.63,74.34,116.52,141.24,164.79,218.63,96.66,131.18,156.49,189.86,253.15,96.66,131.18,156.49,189.86,253.15
59,Fylde Coast,59.79,85.15,114.23,130,155.77,60.39,85,114.23,130.15,150,130,113.92,85,62.81,150,61.5,85,113.92,130,150,61.5,85,113.92,130,150,61.5,85,113.92,130,150,60.75,85,113.92,130,150,65,85,114.61,132.33,150,65,85,114.61,132.33,150
60,Gloucester,64.9,91.15,121.15,144.23,183.46,67.5,91.15,121.15,145.67,185.29,147.13,122.36,92.05,68.18,187.14,68.18,92.05,122.36,147.13,187.14,68.18,92.05,122.36,147.13,187.14,68.18,92.05,122.36,147.13,187.14,70.23,92.05,126.03,151.54,192.75,78.59,103.56,138.08,172.6,218.63,78.59,103.56,138.08,172.6,218.63
61,Grantham & Newark,56.21,74.29,98.08,109.62,150,56.77,75.03,98.08,109.62,150,110.72,99.06,75.78,59.04,156,59.04,75.78,99.06,110.72,156,59.04,75.78,99.06,110.72,156,59.04,75.78,99.06,110.72,156,60.81,78.05,99.06,110.72,156,85,86.3,111.62,132.33,182.96,85,86.3,111.62,132.33,182.96
63,Greater Liverpool,55,91.15,109.62,121.15,155.77,55.55,91.38,103.85,121.15,150,120.82,104.89,90.9,57.77,156,57.77,90.9,104.6,119.67,156,57.77,90.9,104.89,120.82,155.34,57.77,90.9,104.89,120.82,155.34,57.77,90.9,104.89,120.82,155.34,65.25,92.05,108.16,120.82,156,65.25,92.05,108.16,120.82,156
64,Grimsby,53.5,75,91.98,97.09,126.92,53.5,75,92.31,98.06,128.19,99.04,92.05,75,53.5,129.47,52.5,75,92.05,99.04,129.47,52.5,75,92.05,99.04,129.47,52.5,75,92.05,99.04,129.47,52.5,75,92.05,99.04,129.47,62.75,77,98.96,103.56,142.68,62.75,77,98.96,103.56,142.68
65,Guildford,83.08,167.31,212.26,271.15,369.23,80.81,168.98,214.38,265.38,346.15,268.03,222.96,170.67,84.04,345.21,84.04,170.67,222.96,268.03,345.21,84.04,170.67,222.96,268.03,345.21,86.56,170.67,222.96,276.07,355.57,89.16,175.79,222.96,276.07,366.24,112.77,195.62,253.15,316.44,414.25,112.77,195.62,253.15,316.44,414.25
66,Halifax,64.23,80.77,98.08,115.38,150,64,80.77,98.08,115.38,150,115.07,97.81,80.55,64.64,149.59,64.64,80.55,97.81,115.07,149.59,64.64,80.55,97.81,115.07,149.59,64.64,80.55,97.81,115.07,149.59,64.64,80.55,97.81,115.07,149.59,70.5,86.3,103.56,120.82,149.59,70.5,86.3,103.56,120.82,149.59
67,Harlow & Stortford,69.27,126.92,161.54,196.15,276.92,68.5,128.19,163.16,196.15,276.92,198.11,164.79,133.32,68.08,279.69,68.08,133.32,164.79,198.11,279.69,70.12,133.32,164.79,198.11,279.69,72.22,137.32,169.73,204.05,288.08,74.39,141.44,174.82,210.17,288.08,76.5,165.7,207.12,258.9,299.18,76.5,165.7,207.12,258.9,299.18
68,Harrogate,67,109.62,137.31,160.37,212.26,67.67,109.62,137.31,160.38,214.38,161.1,136.93,110.72,68.35,216.52,68.35,110.72,136.93,161.1,216.52,68.35,110.72,136.93,161.1,216.52,68.35,110.72,136.93,161.1,216.52,68.35,110.72,136.93,161.1,216.52,75,120.82,153.04,182.96,246.25,75,120.82,153.04,182.96,246.25
69,Herefordshire,54.92,92.31,117.69,137.31,170.99,55.42,91.15,117.69,133.85,161.54,135.19,117.37,92.05,57.64,163.16,56.5,92.05,117.37,135.19,163.16,56.5,92.05,117.37,135.19,163.16,58.2,92.05,117.37,135.19,168.05,59.95,92.05,117.37,135.19,173.09,77.55,97.81,126.58,156.49,205.97,77.55,97.81,126.58,156.49,205.97
70,High Weald,76.27,132.69,173.08,206.36,330.19,76.62,134.02,174.81,214.61,333.49,223.19,176.56,135.36,77.39,336.82,77.39,135.36,176.56,223.19,336.82,77.39,135.36,176.56,223.19,336.82,77.39,135.36,176.56,223.19,336.82,79.71,139.42,181.86,223.19,336.82,100.11,159.95,207.12,260.05,345.21,100.11,159.95,207.12,260.05,345.21
72,Hull & East Riding,56.21,69.23,85.38,103.85,131.54,58.46,69.23,86.23,103.85,132.86,103.56,86.3,69.73,60.8,132.33,60.8,69.73,86.3,103.56,132.33,60.8,69.73,86.3,103.56,132.33,60.8,69.73,86.3,103.56,132.33,60.5,69.73,86.3,103.56,132.33,70,80,92.05,109.32,138.08,70,80,92.05,109.32,138.08
73,Huntingdon,63.5,103.85,126.92,150,212.26,64.14,103.85,121.15,144.62,196.15,150.4,126,104.89,63.5,198.11,63.5,104.89,126,150.4,198.11,63.5,104.89,126,150.4,198.11,63.5,108.04,129.78,154.91,198.11,63.5,111.28,133.67,159.56,204.05,65.59,130.03,161.1,189.86,253.15,65.59,130.03,161.1,189.86,253.15
74,Inner East London,94.38,245,296.38,347.48,408.8,98.16,254.8,299.34,350.95,412.89,354.46,302.33,257.35,102.09,417.02,102.09,257.35,302.33,354.46,417.02,102.09,257.35,302.33,354.46,417.02,105.15,265.07,311.4,365.09,429.53,108.3,273.02,320.74,376.04,442.42,136.5,295.49,365.92,441.86,585.7,136.5,295.49,365.92,441.86,585.7
75,Inner North London,90.45,255.5,296.38,347.48,408.8,94.07,258.06,299.34,350.95,412.89,354.46,302.33,260.64,97.83,417.02,97.83,260.64,302.33,354.46,417.02,100.76,260.64,302.33,354.46,417.02,103.78,268.46,311.4,365.09,429.53,106.89,276.51,320.74,376.04,442.42,147.29,295.49,365.92,441.86,593.75,147.29,295.49,365.92,441.86,593.75
76,Inner South East London,88,188.68,245.28,305.77,400.62,91.52,196.23,255.09,318,412.89,330.72,265.29,204.08,95.18,417.02,95.18,204.08,265.29,330.72,417.02,95.18,204.08,265.29,330.72,417.02,98.04,210.2,273.25,330.72,417.02,98.04,216.51,281.45,340.64,429.53,118.87,264.66,310.68,385.48,506.3,118.87,264.66,310.68,385.48,506.3
77,Inner South West London,87.26,234.67,294.81,347.48,408.8,90.75,244.06,299.34,350.95,412.89,354.46,302.33,253.82,94.38,417.02,94.38,253.82,302.33,354.46,417.02,94.38,253.82,302.33,354.46,417.02,97.21,253.82,311.4,365.09,429.53,100.13,261.43,320.74,376.04,442.42,116.91,295.49,356.71,441.86,593.75,116.91,295.49,356.71,441.86,593.75
78,Inner West London,102.2,224.84,295,347.48,408.8,106.29,233.83,299.34,350.95,412.89,354.46,302.33,243.18,110.54,417.02,110.54,243.18,302.33,354.46,417.02,110.54,243.18,302.33,354.46,417.02,110.54,250.48,302.33,365.09,429.53,113.86,250.48,311.4,376.04,442.42,143.84,278.01,339.45,441.86,533.92,143.84,278.01,339.45,441.86,533.92
79,Ipswich,56.77,88.85,109.62,126.92,170.99,56.77,89.74,110.72,128.19,172.7,129.47,111.83,90.64,57.34,174.43,57.34,90.64,111.83,129.47,174.43,57.34,90.64,111.83,129.47,174.43,59.06,90.64,115.18,133.35,174.43,60.83,93.36,118.64,137.35,179.66,71.34,112.77,140.38,164.55,205.97,71.34,112.77,140.38,164.55,205.97
80,Isle of Wight,68.5,92.31,121.15,150,187.5,68.5,92.31,121.15,150,184.62,149.59,121.97,93.13,68.5,184.11,68.5,93.13,121.97,149.59,184.11,68.5,93.13,121.97,149.59,184.11,68.5,93.13,121.97,149.59,184.11,68.5,93.13,121.97,149.59,184.11,71.5,103.56,132.33,166.85,205.97,71.5,103.56,132.33,166.85,205.97
81,Kendal,62.5,95,121.15,144.23,178.85,62.5,95.95,122.36,144.23,173.08,145.67,123.58,96.91,62.5,174.81,62.5,96.91,123.58,145.67,174.81,62.5,96.91,123.58,145.67,174.81,62.5,96.91,123.58,145.67,174.81,62.5,96.91,127.29,150.04,174.81,68,113.92,138.08,166.85,195.62,68,113.92,138.08,166.85,195.62
82,Kernow West,65.77,103.85,129.71,150,183.46,66.43,103.85,131.01,150,183.46,151.5,132.32,104.89,67.09,185.29,67,104.89,132.32,151.5,185.29,67.09,104.89,132.32,151.5,185.29,67.09,104.89,132.32,151.5,185.29,69.1,104.89,132.32,151.5,185.29,80.97,113.92,143.84,169.15,212.88,80.97,113.92,143.84,169.15,212.88
83,Kings Lynn,51.1,88.85,110,126.92,165.09,51.61,89.74,111.1,128.19,161.54,129.47,112.21,90.64,53.67,163.16,53.67,90.64,112.21,129.47,163.16,55.28,90.64,112.21,129.47,163.16,55.28,90.64,112.21,129.47,163.16,55.28,90.64,115.58,133.35,168.05,65.59,103.56,132.33,155.34,195.62,65.59,103.56,132.33,155.34,195.62
84,Kirklees,55,79.62,95,114.23,147.4,55,80.42,95.95,114.23,148.87,113.92,96.91,80.55,55,149.59,55,80.55,96.91,113.92,149.59,55,80.55,96.91,113.92,149.59,55,80.55,96.91,113.92,149.59,55,80.55,96.91,113.92,149.59,56.5,85,103.56,126.58,162.25,56.5,85,103.56,126.58,162.25
85,Lancaster,53.14,91.15,114.23,129.71,138.46,55.27,91.15,114.23,131.01,139.84,132.32,115.07,90.9,57.48,145.43,57.48,90.9,115.07,132.32,145.43,57.48,90.9,115.07,132.32,145.43,57.48,90.9,115.07,132.32,145.43,59.2,90.9,115.07,132.32,145.43,70.25,96.66,120.82,138.08,161.1,70.25,96.66,120.82,138.08,161.1
86,Leeds,61.5,98.08,121.15,150,196,63.96,99.06,121.15,150,197.96,151.5,122.36,100.05,64.6,199.94,62.48,100.05,122.36,151.5,199.94,62.48,100.05,122.36,149.59,195.62,62.31,100.05,122.36,149.59,195.62,62.31,100.05,122.36,149.59,195.62,66.16,120.82,136.93,161.1,207.12,66.16,120.82,136.93,161.1,207.12
87,Leicester,59,88.44,109.62,126.92,160.38,59,86.54,109.62,126.92,161.54,126.58,109.32,86.3,59.59,163.16,59,86.3,109.32,126.58,163.16,59.59,86.3,109.32,126.58,163.16,61.38,86.3,109.32,126.58,163.16,63.22,86.3,109.32,130.38,163.16,78,103.56,130.03,155.34,205.97,78,103.56,130.03,155.34,205.97
88,Lincoln,57.74,80.77,99.23,114.23,148.27,58.32,80.77,99.23,114.23,146.54,115.07,100.22,81.58,58.9,148.01,58.9,81.58,100.22,115.07,148.01,58.9,81.58,100.22,115.07,148.01,58.9,81.58,100.22,115.07,148.01,58.9,81.58,100.22,115.07,148.01,66.25,97.81,117.37,132.33,172.6,66.25,97.81,117.37,132.33,172.6
89,Lincolnshire Fens,57.23,86.54,108.49,126.92,150,57.8,87.41,109.57,128.19,151.5,129.47,110.67,88.28,58.38,153.02,58.38,88.28,110.67,129.47,153.02,58.38,88.28,110.67,129.47,153.02,58.38,88.28,110.67,129.47,153.02,58.38,90.93,113.99,133.35,157.61,66.5,100.11,132.33,149.59,172.6,66.5,100.11,132.33,149.59,172.6
91,Lowestoft & Great Yarmouth,68.5,85,103.85,115.38,147.4,66,85.38,103.85,116.53,147.69,117.7,104.89,86.23,64.5,149.17,64.5,86.23,104.89,117.7,149.17,64.5,86.23,104.89,117.7,149.17,64.5,86.23,104.89,117.7,149.17,64.5,86.23,104.89,117.7,149.17,81.5,92,116.22,126.58,166.85,81.5,92,116.22,126.58,166.85
92,Luton,57.73,109.62,135.61,161.54,200.47,60.04,110.72,141.03,168,202.47,169.68,142.44,111.83,62.44,204.49,62.44,111.83,142.44,169.68,204.49,62.44,115.18,146.71,174.77,210.62,64.31,118.64,151.11,180.01,216.94,66.24,122.2,155.64,185.41,223.45,78.59,143.84,178.36,224.38,264.66,78.59,143.84,178.36,224.38,264.66
93,Maidstone,65,121.15,150,176.89,230.77,67.6,122.36,151.5,178.66,233.08,180.45,157.56,123.58,68.28,235.41,68.28,123.58,157.56,180.45,235.41,68.28,123.58,157.56,180.45,235.41,70.33,127.29,157.56,180.45,235.41,72.44,131.11,162.29,185.86,235.41,88.85,149.59,187.56,224.38,287.67,88.85,149.59,187.56,224.38,287.67
94,Medway & Swale,62.5,108.49,135.61,150,200.47,63.13,109.57,136.97,151.5,196.15,153.02,138.08,110.67,65.66,198.11,65.66,110.67,138.08,153.02,198.11,65.66,110.67,138.08,153.02,198.11,67.63,110.67,138.08,157.61,204.05,67.08,113.99,142.22,162.34,210.17,72.84,136.93,172.6,195.62,276.16,72.84,136.93,172.6,195.62,276.16
95,Mendip,69.04,92.31,121.15,150,176.89,68.5,92.31,122.36,151.5,183.97,153.02,123.58,93.23,69.08,184.11,69.08,93.23,123.58,153.02,184.11,69.08,93.23,123.58,153.02,184.11,69.08,93.23,123.58,153.02,184.11,71.15,93.23,123.58,153.02,189.63,75,111.62,143.84,179.51,230.14,75,111.62,143.84,179.51,230.14
97,Mid & East Devon,63.5,92.31,123.82,150,190.38,66.04,96,125.06,150,190.38,151.5,126.31,96.96,66.7,192.28,66.7,96.96,126.31,151.5,192.28,66.7,96.96,126.31,151.5,192.28,68.7,96.96,126.31,151.5,192.28,70.76,96.96,126.31,151.5,192.28,84.5,103.56,136.93,166.85,207.12,84.5,103.56,136.93,166.85,207.12
98,Mid & West Dorset,63.5,103.85,137.19,160.38,196.15,66.04,104.89,137.31,161.31,198.11,161.1,136.93,105.94,66.7,200.09,66.7,105.94,136.93,161.1,200.09,66.7,105.94,136.93,161.1,200.09,66.7,105.94,136.93,161.1,200.09,68.7,105.94,136.93,161.1,200.09,80,119.67,149.59,182.96,241.64,80,119.67,149.59,182.96,241.64
99,Mid Staffs,63.5,90,114.23,126.92,167.31,66.04,90,114.23,128.19,168.98,129.47,113.92,90.9,66.7,170.67,66.7,90.9,113.92,129.47,170.67,66.7,90.9,113.92,129.47,170.67,66.7,90.9,113.92,129.47,170.67,66.7,90.9,113.92,133.35,170.67,67.08,97.81,126.58,149.59,195.62,67.08,97.81,126.58,149.59,195.62
100,Milton Keynes,68.58,115.38,144.23,173.08,219.23,69.27,116.53,145.67,173.08,221.42,174.81,151.5,121.19,69.96,223.63,69.73,121.19,151.5,174.81,223.63,69.81,121.19,151.5,180.05,230.34,69.81,124.83,156.05,185.45,237.25,69.81,128.57,160.73,191.01,244.37,70,149.59,189.86,224.38,299.18,70,149.59,189.86,224.38,299.18
103,Newbury,68.12,121.15,153.3,184.62,253.85,70.84,122.36,154.83,186.47,253.85,188.33,156.38,123.58,73.67,264,73.67,123.58,156.38,188.33,264,73.67,123.58,156.38,188.33,264,73.67,127.29,161.07,193.98,271.92,73.67,131.11,165.9,199.8,280.08,78.59,155.34,192.74,241.64,322.19,78.59,155.34,192.74,241.64,322.19
105,North Cheshire,53.54,92.31,108.49,126.92,173.08,49.5,92.31,109.57,126.92,173.08,126.58,109.32,92.05,48.87,174.81,48.87,92.05,109.32,126.58,174.81,48.87,92.05,109.32,126.58,174.81,50.34,92.05,109.32,126.58,174.81,51.85,92.05,109.32,126.58,174.81,66.5,97.81,115.07,136.93,201.37,66.5,97.81,115.07,136.93,201.37
107,North Cornwall & Devon Borders,63.5,92.31,117.69,137.31,165.09,66.04,92.31,118.87,138.46,161.54,139.84,120.06,93.23,66.7,168,66.7,93.23,120.06,139.84,168,66.7,93.23,120.06,139.84,168,68.7,93.23,120.06,139.84,168,68.7,93.23,120.06,139.84,173.04,70,97.81,123.12,149.59,184.11,70,97.81,123.12,149.59,184.11
108,North Cumbria,57.74,80.77,96.92,113.08,138.46,58.32,80.77,93.46,111.92,139.84,112.77,94.39,80.55,58.9,141.24,58.9,80.55,94.36,112.77,141.24,58.9,80.55,94.39,112.77,141.24,58.9,80.55,94.39,112.77,141.24,58.9,80.55,94.39,112.77,141.24,68,80.55,97.81,120.82,155.34,68,80.55,97.81,120.82,155.34
109,North Devon,62,90.58,115.38,137.31,160.38,62.62,91.15,115.38,137.31,161.98,138.08,115.07,92.05,63.25,168.46,63.25,92.05,115.07,138.08,168.46,63.25,92.05,115.07,138.08,168.46,63.25,92.05,115.07,138.08,168.46,65.15,92.05,115.07,138.08,168.46,69.04,97.81,126.58,149.59,182.96,69.04,97.81,126.58,149.59,182.96
111,North Nottingham,55.6,69.23,91.15,103.85,138.46,56.16,72,92.06,103.85,139.84,103.56,92.98,72.72,58.41,145.43,58.41,72.72,92.98,103.56,145.43,58.41,72.72,92.98,103.56,145.43,58.41,72.72,92.98,103.56,145.43,58.41,72.72,92.98,103.56,145.43,66.5,80.55,103.56,109.32,155.34,66.5,80.55,103.56,109.32,155.34
113,North West Kent,65.5,123.46,150,170.99,230.77,68.12,123.46,151.5,172.7,233.08,174.43,153.02,124.69,70.84,242.4,70.84,124.69,153.02,174.43,242.4,70.84,124.69,153.02,174.43,249.67,72.97,124.69,157.61,174.43,257.16,75.16,128.43,162.34,179.66,264.87,88.85,155.34,195.62,241.64,299.18,88.85,155.34,195.62,241.64,299.18
114,North West London,80.81,176.89,224.05,288.46,346.15,84.04,183.97,233.01,300,360,303,242.33,185.81,87.4,374.4,87.4,185.81,242.33,303,374.4,87.4,191.38,242.33,303,374.4,90.02,197.12,249.6,312.09,385.63,92.72,203.03,257.09,321.45,385.63,113.11,230.14,287.67,356.71,425.75,113.11,230.14,287.67,356.71,425.75
116,Northampton,61.32,98.08,123.82,138.46,183.46,63.77,99.06,125.06,138.46,185.29,139.84,126.31,100.05,66.32,187.14,66.32,100.05,126.31,139.84,187.14,66.32,100.05,126.31,139.84,187.14,66.32,103.05,130.1,139.84,187.14,68.31,106.14,134,144.04,192.75,89.5,126.58,159.95,184.11,234.74,89.5,126.58,159.95,184.11,234.74
117,Northants Central,57,80.77,103.85,121.15,161.54,57,81.58,104.89,122.36,163.16,123.58,105.94,82.4,52.24,164.79,52.24,82.4,105.94,123.58,164.79,52.24,82.4,105.94,123.58,164.79,53.81,84.87,109.12,127.29,164.79,55.42,87.42,112.39,131.11,169.73,80,109.32,138.08,159.95,205.97,80,109.32,138.08,159.95,205.97
118,Northumberland,65,72.69,86.54,103.85,138.46,65,73.42,87.41,103.85,138.46,103.56,87.45,74.15,65.65,138.08,65.65,74.15,87.45,103.56,138.08,65.65,74.15,87.45,103.56,138.08,67.62,74.15,87.45,103.56,138.08,69.65,74.15,87.45,103.56,138.08,73.9,78.25,90.9,109.32,161.1,73.9,78.25,90.9,109.32,161.1
119,Nottingham,68,90.8,106.13,117.92,159.2,68.68,91.15,107.19,119.1,150,120.29,108.26,90.9,69,151.5,66.74,90.9,108.26,120.29,151.5,69,90.9,108.26,120.29,151.5,69,90.9,108.26,120.29,151.5,69,90.9,108.26,123.9,156.05,80.55,108.16,126.58,143.84,184.11,80.55,108.16,126.58,143.84,184.11
120,Oldham & Rochdale,57.73,83.08,98.08,114.23,150,57.73,83.08,98.08,114.23,150,113.92,97.81,83.91,55.9,149.59,55.9,83.91,97.81,113.92,149.59,55.9,83.91,97.81,113.92,149.59,55.9,83.91,97.81,113.92,149.59,55.9,83.91,97.81,113.92,149.59,66.39,90.9,103.85,126.58,159.95,66.39,90.9,103.85,126.58,159.95
121,Outer East London,70.79,173.08,212.26,265.33,306.6,73.62,180,220.75,275.94,318.86,286.98,229.58,181.8,76.56,331.61,76.56,181.8,229.58,286.98,331.61,78.86,181.8,229.58,286.98,341.56,81.23,187.25,236.47,295.59,351.81,83.67,192.87,243.56,304.46,362.36,113.11,241.64,299.18,356.71,414.25,113.11,241.64,299.18,356.71,414.25
122,Outer North East London,71.54,153.3,189.07,230.77,306.6,72.26,154.83,190.96,233.08,309.67,242.4,192.62,155.57,75.15,312.77,75.15,155.57,192.62,242.4,312.77,75.15,155.57,192.62,242.4,312.77,77.4,160.24,198.4,249.67,322.15,79.72,165.05,204.35,257.16,331.81,101.61,207.12,264.66,316.44,398.14,101.61,207.12,264.66,316.44,398.14
123,Outer North London,83.8,184.62,236.08,300,370,87.15,192,245.52,303,384.8,315.12,255.34,199.68,90.64,388.65,90.64,199.68,255.34,315.12,388.65,90.64,199.68,255.34,315.12,388.65,90.64,205.67,255.34,315.12,388.65,90.64,211.84,263,324.57,388.65,113.11,246.24,299.18,368.22,437.26,113.11,246.24,299.18,368.22,437.26
124,Outer South East London,80.23,153.3,194.57,230.77,306.6,81.03,154.83,196.15,233.08,309.67,242.4,198.11,161.02,84.27,312.77,84.27,161.02,198.11,242.4,312.77,84.27,161.02,198.11,242.4,312.77,84.27,165.85,204.05,249.67,312.77,86.8,170.83,210.17,257.16,322.15,103.56,205.97,253.15,299.18,368.22,103.56,205.97,253.15,299.18,368.22
125,Outer South London,78.5,159.2,200.47,258.08,318.39,79.29,160.79,202.47,268.4,331.13,279.14,210.57,167.22,82.46,344.38,82.46,167.22,210.57,279.14,344.38,82.46,172.24,216.89,279.14,344.38,84.93,177.41,223.4,279.14,354.71,84.93,182.73,230.1,279.14,365.35,103.56,201.37,253.15,316.44,399.29,103.56,201.37,253.15,316.44,399.29
126,Outer South West London,78.5,206.36,259.43,311.54,392.16,81.64,207.69,269.81,324,407.85,336.96,280.6,209.77,84.91,417.02,84.91,209.77,280.6,336.96,417.02,87.46,209.77,280.6,336.96,417.02,90.08,216.06,280.6,336.96,429.53,92.78,222.54,280.6,336.96,429.53,116.91,241.64,304.93,368.22,494.79,116.91,241.64,304.93,368.22,494.79
127,Outer West London,78.46,167.31,212.26,259.43,306.6,79.24,168.98,214.38,262.02,305.77,272.5,222.96,175.74,82.41,318,82.41,175.74,222.96,272.5,318,82.41,175.74,229.65,272.5,318,84.88,181.01,236.54,280.68,327.54,87.43,186.44,243.64,280.68,337.37,115.07,212.88,270.41,322.19,379.73,115.07,212.88,270.41,322.19,379.73
128,Oxford,80.89,155.77,188.68,219.23,300,80.81,157.33,190.57,228,303,230.14,192.48,158.9,80.55,299.18,80.55,158.9,192.48,230.14,299.18,80.55,158.9,192.48,230.14,299.18,82.97,158.9,192.48,230.14,299.18,85.46,163.67,192.48,230.14,299.18,118.87,178.36,210,253.15,364.77,118.87,178.36,210,253.15,364.77
129,Peaks & Dales,68.12,88.44,109.62,126.92,160.37,68.12,89.32,109.62,126.92,161.54,128.19,110.72,90.21,67.93,168,67.93,90.21,110.72,128.19,168,67.93,90.21,110.72,128.19,168,67.93,90.21,110.72,128.19,168,67.93,90.21,110.72,128.19,168,70.19,97.7,120.82,143.84,172.6,70.19,97.7,120.82,143.84,172.6
132,Peterborough,57.5,91.15,114.23,129.71,165.09,56.58,91.15,114.23,131.01,166.74,132.32,115.07,92.05,57.15,168.41,57.15,92.05,115.07,132.32,168.41,57.15,92.05,115.07,132.32,168.41,57.15,92.05,115.07,132.32,168.41,57.15,94.81,118.52,136.29,173.46,65.59,110.47,136.93,159.95,207.12,65.59,110.47,136.93,159.95,207.12
133,Plymouth,70,92.31,121.15,138.46,178.85,70.5,93.23,121.15,139.84,180.64,145.43,122.36,94.16,71.21,182.45,71.21,94.16,122.36,145.43,182.45,71.21,94.16,122.36,145.43,182.45,71.21,94.16,122.36,145.43,182.45,71.21,96.98,122.36,145.43,182.45,73.5,103.56,134.63,159.95,195.62,73.5,103.56,134.63,159.95,195.62
134,Portsmouth,67.96,115.38,141.51,170.99,235.85,68.5,115.38,142.93,172.7,230.77,172.6,144.36,116.53,69.04,240,69.04,116.53,144.36,172.6,240,69.04,116.53,144.36,172.6,240,69.04,116.53,144.36,172.6,240,69.04,120.03,148.69,177.78,240,78.81,134.63,166.85,201.37,276.16,78.81,134.63,166.85,201.37,276.16
135,Reading,75,150,184.62,211.15,300,75.75,151.5,186.47,213.26,303,221.79,188.33,153.02,78.78,315.12,78.78,153.02,188.33,221.79,315.12,78.78,153.02,188.33,221.79,315.12,81.14,153.02,193.98,221.79,315.12,81.14,157.61,199.8,228.44,315.12,89.75,182.96,218.63,264.66,356.71,89.75,182.96,218.63,264.66,356.71
137,Richmond & Hambleton,67,91.15,112.03,126.92,160.38,67.67,91.15,113.15,126.92,161.54,128.19,113.92,90.9,68.35,161.1,68.35,90.9,113.92,128.19,161.1,68.35,90.9,113.92,128.19,161.1,68.35,90.9,113.92,128.19,161.1,68.35,90.9,113.92,128.19,161.1,75,92.05,115.07,136.93,172.6,75,92.05,115.07,136.93,172.6
138,Rotherham,58.5,80,92.31,100.38,144.23,58.5,80,96,101.38,138.46,101,96.96,79.4,58.5,138.08,58.5,79.4,96.96,101,138.08,58.5,79.4,96.96,101,138.08,58.5,79.4,96.96,101,138.08,60.26,79.4,96.96,101,138.08,61.5,86.3,97.81,110.47,157.64,61.5,86.3,97.81,110.47,157.64
139,Rugby & East,61.5,91.15,114.23,132.69,183.46,61.5,91.15,115.37,132.69,183.46,134.02,116.52,92.06,62.12,182.96,62.12,92.06,116.52,134.02,182.96,62.12,92.06,116.52,134.02,182.96,63.98,94.82,120.02,138.04,188.45,65.9,97.66,123.62,142.18,194.1,84.35,120.82,147.29,172.6,228.99,84.35,120.82,147.29,172.6,228.99
140,Salisbury,66.5,117.92,147.4,173.08,229.62,67.17,115.38,144.23,173.08,229.62,172.6,143.84,115.07,67.84,228.99,67.84,115.07,143.84,172.6,228.99,67.84,115.07,143.84,172.6,228.99,69.88,115.07,143.84,172.6,228.99,71.98,118.52,143.84,172.6,228.99,83.1,132.33,166.85,195.62,253.15,83.1,132.33,166.85,195.62,253.15
141,Scarborough,54.17,80.5,103.85,122.31,138.46,56.34,80.77,103.85,123.53,137.31,124.77,103.56,80.55,58.59,136.93,58.59,80.55,103.56,124.77,136.93,58.59,80.55,103.56,124.77,136.93,58.59,80.55,103.56,124.77,136.93,60.35,80.55,103.56,124.77,136.93,65.5,86.3,111.62,128.88,149.59,65.5,86.3,111.62,128.88,149.59
142,Scunthorpe,53.5,73.85,92.31,103.85,135.61,53.5,73.85,92.31,103.85,132.69,104.89,92.05,74.59,53.5,134.02,53.5,74.59,92.05,104.89,134.02,53.5,74.59,92.05,104.89,134.02,53.5,74.59,92.05,104.89,134.02,53.5,74.59,92.05,104.89,134.02,56,74.79,103.56,111.62,136.93,56,74.79,103.56,111.62,136.93
143,Sheffield,61.32,91.15,105,115,150,63.77,91.15,106.05,115.38,150,116.53,107.11,94.8,64.41,156,63.52,94.8,107.11,116.53,156,64.41,94.8,107.11,116.53,156,64.41,94.8,107.11,116.53,156,64.41,94.8,107.11,116.53,156,65.59,109.32,120.82,132.33,187.56,65.59,109.32,120.82,132.33,187.56
144,Shropshire,69.23,86.54,109.62,126.92,167.31,69.23,86.54,109.62,128.19,168.98,129.47,109.32,87.41,69.04,170.67,68.81,87.41,109.32,129.47,170.67,67.89,87.41,109.32,129.47,170.67,67.89,87.41,109.32,129.47,170.67,67.89,87.41,109.32,129.47,170.67,75,92.05,120.82,143.84,182.96,75,92.05,120.82,143.84,182.96
145,Solihull,69.05,114.81,147.4,170.99,235.85,68.5,115.38,148.87,172.7,238.21,172.6,149.59,116.53,69.05,230.14,69.05,116.53,149.59,172.6,230.14,71.12,116.53,149.59,172.6,230.14,73.25,116.53,149.59,172.6,230.14,75.45,116.53,149.59,172.6,230.14,85.5,132.33,166.85,201.37,276.16,85.5,132.33,166.85,201.37,276.16
146,South Cheshire,53,80.77,107.24,126.92,173.08,52.5,84,111.53,128.19,173.08,126.58,109.32,84.84,54.6,172.6,54.6,84.84,109.32,126.58,172.6,54.6,84.84,109.32,126.58,172.6,54.6,84.84,109.32,126.58,172.6,56.24,84.84,109.32,126.58,172.6,60,90.9,113.92,136.93,189.86,60,90.9,113.92,136.93,189.86
147,South Devon,63.5,95,126.92,150,188.46,63.5,95.95,126.92,151.5,190.34,153.02,128.19,96.91,63.5,192.24,63.5,96.91,128.19,153.02,192.24,63.5,96.91,128.19,153.02,192.24,63.5,96.91,128.19,153.02,192.24,63.5,96.91,128.19,153.02,192.24,65,103.56,138.08,168,207.12,65,103.56,138.08,168,207.12
148,South East Herts,76.41,139.54,182.78,219.23,288,77.17,145.12,184.61,221.42,290.88,230.28,186.46,146.57,74.79,293.79,74.79,146.57,186.46,230.28,293.79,74.79,146.57,186.46,230.28,293.79,74.79,150.97,192.05,237.19,293.79,74.79,155.5,197.81,244.31,293.79,82.04,172.6,212.88,276.16,322.19,82.04,172.6,212.88,276.16,322.19
151,South West Essex,65,126.92,158.08,184.62,253.85,65.65,126.92,159.66,186.47,256.39,188.33,161.26,128.19,63.5,266.65,63.5,128.19,161.26,188.33,266.65,65.41,128.19,161.26,188.33,266.65,65.41,132.04,166.1,193.98,266.65,67.37,136,171.08,199.8,266.65,76.64,161.1,201.37,247.4,306.66,76.64,161.1,201.37,247.4,306.66
152,South West Herts,78.5,153.3,187.5,235.85,365.56,78.5,150,189.38,230.77,345,240,196.96,156,78.5,358.8,78.5,156,196.96,240,358.8,78.5,156,196.96,247.2,358.8,80.86,160.68,202.87,254.62,358.8,83.29,165.5,208.96,262.26,358.8,95.85,184.11,230.14,299.18,391.23,95.85,184.11,230.14,299.18,391.23
153,Southampton,64.62,115.38,153.3,182.31,230.77,67.2,115.38,154.83,183.46,233.08,184.49,156.38,116.53,67.87,242.4,67.5,116.53,156.38,184.49,242.4,67.5,116.53,156.38,184.49,242.4,67.5,116.53,156.38,184.49,242.4,67.5,120.03,161.07,190.02,242.4,77.44,136.93,178.36,212.88,276.16,77.44,136.93,178.36,212.88,276.16
154,Southend,69.23,114.23,149.76,184.62,229.62,67.96,115.37,150,184.62,230.77,186.47,151.5,116.52,66.78,240,66.78,116.52,151.5,186.47,240,68.78,116.52,151.5,186.47,240,68.78,120.02,156.05,186.47,240,68.78,123.62,160.73,192.06,247.2,73.99,138.08,182.96,230.14,299.18,73.99,138.08,182.96,230.14,299.18
155,Southern Greater Manchester,60.23,100.24,126.92,140.33,196.15,55.62,101.24,126.92,145.94,198.11,151.78,128.19,102.25,57.84,200.09,57.84,102.25,128.19,151.78,200.09,59.58,102.25,128.19,151.78,200.09,61.37,102.25,128.19,151.78,200.09,63.21,105.32,132.04,156.33,206.09,82.81,120.82,149.59,172.6,253.15,82.81,120.82,149.59,172.6,253.15
156,Southport,66,89.62,121.15,138.46,173.08,66.66,90.52,121.15,138.46,173.08,139.84,120.82,91.43,69.33,172.6,69.33,91.43,120.82,139.84,172.6,69.33,91.43,120.82,139.84,172.6,69.33,91.43,120.82,139.84,172.6,69.33,91.43,120.82,139.84,172.6,76.5,94,124.27,153.04,189.86,76.5,94,124.27,153.04,189.86
157,St Helens,60,80.77,98.08,114.23,150,60,80.77,98.08,114.23,151.5,113.92,97.81,80.55,59.84,153.02,59.84,80.55,97.81,113.92,153.02,59.84,80.55,97.81,113.92,153.02,59.84,80.55,97.81,113.92,157.61,59.84,80.55,97.81,113.92,157.61,65,86.3,101.26,126.58,171.45,65,86.3,101.26,126.58,171.45
158,Staffordshire North,48.1,79.62,91.15,109.62,144.23,50.02,80,91.15,109.62,138.46,109.32,90.9,80.55,52.02,139.84,52.02,80.55,90.9,109.32,139.84,52.02,80.55,90.9,109.32,139.84,53.58,80.55,90.9,109.32,139.84,55.19,80.55,90.9,109.32,144.04,60.95,86.3,97.81,126.58,171.45,60.95,86.3,97.81,126.58,171.45
159,Stevenage & North Herts,73.5,121.15,152.31,182.78,229.62,69.27,121.15,153.83,184.61,229.62,186.46,155.37,122.36,72.04,238.8,72.04,122.36,155.37,186.46,238.8,72.04,126.03,155.37,192.05,245.96,72.04,129.81,160.03,197.81,253.34,72.04,133.7,164.83,203.74,260.94,78.59,155.34,195.62,241.64,299.18,78.59,155.34,195.62,241.64,299.18
160,Sunderland,45,87.69,100,109.62,144.23,45,88.57,99.92,109.62,144.23,109.32,97.81,88,45,138.08,45,88,97.81,109.32,138.08,46.35,88,97.81,109.32,138.08,47.74,88,97.81,109.32,138.08,49.17,88,97.81,109.32,138.08,63.5,89.75,100,113.92,148.18,63.5,89.75,100,113.92,148.18
161,Sussex East,66.43,92.31,117.92,160.38,196.15,67.09,92.31,119.1,160.38,196.15,159.95,120.29,92.05,69.77,195.62,69.77,92.05,120.29,159.95,195.62,69.77,92.05,120.29,159.95,195.62,69.77,92.05,120.29,159.95,195.62,69.77,94.81,123.9,164.75,201.49,74.79,115.07,149.59,195.62,230.14,74.79,115.07,149.59,195.62,230.14
163,Swindon,65,101.41,125,150,196.15,57.73,102.42,126.25,151.5,196.15,157.56,127.51,103.44,60.04,198.11,60.04,103.44,127.51,157.56,198.11,61.84,106.54,127.51,157.56,198.11,63.7,109.74,131.34,162.29,204.05,65.61,113.03,135.28,167.16,210.17,78.59,126.58,151.89,182.96,230.14,78.59,126.58,151.89,182.96,230.14
165,Tameside & Glossop,57.69,86.54,103.85,126.92,153.3,57.69,86.54,103.85,126.92,154.83,126.58,103.56,86.3,56.58,156.38,56.58,86.3,103.56,126.58,156.38,56.58,86.3,103.56,126.58,156.38,56.58,86.3,103.56,126.58,156.38,56.58,86.3,103.56,126.58,156.38,65.84,92.05,113.92,136.93,172.6,65.84,92.05,113.92,136.93,172.6
166,Taunton & West Somerset,66.5,94.34,121.15,144.23,183.46,63.5,92.31,121.15,144.23,183.46,145.67,120.82,92.05,64.14,184.11,64.14,92.05,120.82,145.67,184.11,64.14,92.05,120.82,145.67,184.11,64.14,92.05,120.82,145.67,184.11,66.06,92.05,120.82,145.67,184.11,84.5,103.56,136.93,164.55,207.12,84.5,103.56,136.93,164.55,207.12
167,Teesside,56.21,80.55,96.71,114.23,150,56.77,80.56,97.68,114.23,150,114,97.81,83.78,57.34,149.59,57.34,83.78,97.81,114,149.59,57.34,83.78,97.81,114,149.59,57.34,83.78,97.81,114,149.59,57.34,83.78,97.81,114,149.59,65,86.3,99.65,115,155.34,65,86.3,99.65,115,155.34
168,Thanet,58.5,80.77,114.23,141.51,176.89,60.84,80.77,115.37,142.93,173.08,144.36,116.52,80.73,63.27,172.6,63.27,80.73,116.52,144.36,172.6,63.27,80.73,116.52,144.36,172.6,65.17,83.15,120.02,144.36,177.78,65.17,85.64,123.62,144.36,183.11,69.04,109.32,149.59,184.11,218.63,69.04,109.32,149.59,184.11,218.63
171,Tyneside,60,91.15,102.12,114.23,150,60,91.15,103.14,115.37,150,115.07,103.56,90.9,60,149.59,60,90.9,103.56,115.07,149.59,60,90.9,103.56,115.07,149.59,60,90.9,103.56,115.07,149.59,61.8,90.9,103.56,115.07,149.59,70.19,97.81,109.32,126.58,182.96,70.19,97.81,109.32,126.58,182.96
173,Wakefield,54.27,86.54,103.85,114.23,150,54.81,86.54,103.85,114.23,150,113.92,103.56,86.3,55,151.5,55,86.3,103.56,113.92,151.5,55,86.3,103.56,113.92,149.59,55,86.3,103.56,113.92,149.59,55,86.3,103.56,113.92,149.59,61.5,90.9,109.32,120.82,172.6,61.5,90.9,109.32,120.82,172.6
174,Walton,80.77,165.09,211.08,271.22,353.77,84,166.74,213.19,273.93,367.92,276.67,221.72,173.41,84.84,382.64,84.84,173.41,221.72,276.67,382.64,87.39,173.41,221.72,276.67,382.64,90.01,178.61,221.72,276.67,382.64,90.01,183.97,228.37,276.67,382.64,109.71,195.62,253.15,310.68,407.34,109.71,195.62,253.15,310.68,407.34
175,Warwickshire South,66.43,116.74,147.4,173.08,234.67,67.09,117.91,148.87,180,237.02,181.8,150.36,119.09,69.77,246.5,69.77,119.09,150.36,181.8,246.5,71.86,119.09,150.36,181.8,246.5,74.02,122.66,154.87,181.8,246.5,76.24,126.34,159.52,187.25,246.5,85.5,143.84,172.6,207.12,276.16,85.5,143.84,172.6,207.12,276.16
176,West Cheshire,62.31,98.08,121.15,137.31,188.68,62,98.08,121.15,138.46,184.62,138.08,120.82,99.06,64.48,186.47,64.48,99.06,120.82,138.08,186.47,64.48,99.06,120.82,138.08,186.47,64.48,99.06,120.82,138.08,186.47,64.48,99.06,120.82,138.08,186.47,73.25,103.56,126.58,149.59,205.97,73.25,103.56,126.58,149.59,205.97
177,West Cumbria,62,79,92.31,103.85,135.61,62.62,78.46,92.31,103.85,132.69,104.89,92.05,79.24,63.25,134.02,63.25,79.24,92.05,104.89,134.02,63.25,79.24,92.05,104.89,134.02,65.15,79.24,92.05,104.89,134.02,67.1,79.24,92.05,104.89,134.02,68,80.55,96.66,113.92,138.08,68,80.55,96.66,113.92,138.08
180,West Pennine,63.36,76.65,85,97.09,138.23,60,75,85,98.06,137.31,99.04,85,78,62.4,137.31,62.4,78,85,99.04,137.31,62.4,78,85,99.04,137.31,62.4,78,85,99.04,137.31,62.4,78,85,99.04,137.31,69.81,80.55,89.75,103.56,149.59,69.81,80.55,89.75,103.56,149.59
181,West Wiltshire,66.04,98.08,123.46,150,194.57,66.7,99.06,124.69,150,202.35,156,125.94,100.05,67.37,204.37,67.37,100.05,125.94,156,204.37,67.37,100.05,125.94,156,204.37,67.37,100.05,125.94,156,204.37,69.39,100.05,129.72,160.68,210.5,78.59,119.67,149.59,182.96,230.14,78.59,119.67,149.59,182.96,230.14
182,Weston-S-Mare,66.96,98.08,121.15,150,184.62,66.63,98.08,121.15,151.5,183.46,150,122.36,97.81,67.3,184.11,66.5,97.81,122.36,150,184.11,66.85,97.81,122.36,150,184.11,66.85,97.81,122.36,150,184.11,66.85,97.81,126.03,154.5,184.11,99.06,109.32,138.08,172.6,212.88,99.06,109.32,138.08,172.6,212.88
183,Wigan,61.32,80.77,94.34,109.62,150,57.73,80.77,95.28,109.62,151.5,109.32,96.23,80.55,57.57,149.59,57.57,80.55,96.23,109.32,149.59,57.57,80.55,96.23,109.32,149.59,57.57,80.55,96.23,109.32,149.59,57.57,80.55,96.23,109.32,149.59,61.33,80.55,103.56,114.84,155.34,61.33,80.55,103.56,114.84,155.34
184,Winchester,71.58,145.38,178.85,207.69,306.6,72.3,146.83,180.64,209.77,309.67,211.87,182.45,148.3,75.19,312.77,75.19,148.3,182.45,211.87,312.77,75.19,148.3,182.45,211.87,312.77,77.45,148.3,182.45,211.87,312.77,79.77,152.75,182.45,211.87,322.15,83.5,166.85,197.92,253.15,368.22,83.5,166.85,197.92,253.15,368.22
185,Wirral,64.9,86.54,103.85,126,141.51,63.5,86.54,103.85,126.92,139.23,126.58,103.56,86.3,60.99,140.62,60.99,86.3,103.56,126.58,140.62,60.99,86.3,102.73,126.58,140.62,55.02,86.3,102.73,126.58,140.62,55.02,86.3,102.73,126.58,140.62,55.02,86.3,103.56,126.58,166.85,55.02,86.3,103.56,126.58,166.85
186,Wolds and Coast,59.79,75,92.31,110.85,122.31,62.18,75,92.31,109.62,123.53,110.72,93.23,75,64.67,128.47,64.67,75,93.23,110.72,128.47,64.67,75,93.23,110.72,128.47,64.67,75,93.23,110.72,128.47,64.67,75,93.23,110.72,128.47,69.38,82.85,104.14,121.97,138.08,69.38,82.85,104.14,121.97,138.08
187,Worcester North,58.5,91.15,115.38,126.92,173.08,60.84,92.06,116.53,128.19,174.81,133.32,117.7,92.05,61.45,176.56,61.45,92.05,117.7,133.32,176.56,61.45,92.05,117.7,133.32,176.56,61.45,92.05,117.7,133.32,176.56,61.45,92.05,117.7,133.32,176.56,66.5,101.26,126.72,149.59,195.62,66.5,101.26,126.72,149.59,195.62
188,Worcester South,66.94,98.08,126.92,150,184.62,69.62,98.08,126.92,151.5,186.47,153.02,128.19,99.06,70.32,188.33,70.32,99.06,128.19,153.02,188.33,70.32,99.06,128.19,153.02,188.33,70.32,99.06,128.19,153.02,193.98,70.32,102.03,128.19,153.02,199.8,84.27,115.07,143.84,172.6,218.63,84.27,115.07,143.84,172.6,218.63
189,Worthing,68.08,117.69,150,183.46,241.74,68.5,118.87,151.5,183.46,236.54,185.29,153.02,120.06,69.19,246,69.19,120.06,153.02,185.29,246,69.19,120.06,153.02,185.29,246,69.19,120.06,153.02,185.29,246,69.19,123.66,157.61,190.85,253.38,71.5,143.84,184.11,223.23,287.67,71.5,143.84,184.11,223.23,287.67
191,Yeovil,58.5,91.15,121.15,144.23,193.85,60.84,91.15,121.15,144.23,188.08,145.67,121.97,92.05,61.45,189.96,61.45,92.05,121.97,145.67,189.96,61.45,92.05,121.97,145.67,189.96,61.45,92.05,121.97,145.67,189.96,61.45,92.05,121.97,150.04,189.96,77,101.26,132.33,166.85,212.88,77,101.26,132.33,166.85,212.88
192,York,65.77,102.59,121.15,138.46,196.15,66.43,100.38,122.36,139.84,198.11,141.24,123.58,98.96,67.09,200.09,67.09,98.96,123.58,141.24,200.09,67.09,98.96,123.58,141.24,200.09,67.09,98.96,123.58,141.24,200.09,67.09,98.96,123.58,141.24,200.09,75,125.42,149.59,166.85,241.64,75,125.42,149.59,166.85,241.64
